-- phpMyAdmin SQL Dump
-- version 3.4.11.1deb2
-- http://www.phpmyadmin.net
--
-- Host: localhost
-- Generation Time: Oct 30, 2013 at 05:03 PM
-- Server version: 5.5.31
-- PHP Version: 5.4.4-14+deb7u5

SET SQL_MODE="NO_AUTO_VALUE_ON_ZERO";
SET time_zone = "+00:00";


/*!40101 SET @OLD_CHARACTER_SET_CLIENT=@@CHARACTER_SET_CLIENT */;
/*!40101 SET @OLD_CHARACTER_SET_RESULTS=@@CHARACTER_SET_RESULTS */;
/*!40101 SET @OLD_COLLATION_CONNECTION=@@COLLATION_CONNECTION */;
/*!40101 SET NAMES utf8 */;

--
-- Database: `login`
--

-- --------------------------------------------------------

--
-- Table structure for table `log`
--

CREATE TABLE IF NOT EXISTS `log` (
  `index` int(11) NOT NULL AUTO_INCREMENT,
  `log_date` timestamp NOT NULL DEFAULT CURRENT_TIMESTAMP,
  `user_id` int(11) NOT NULL,
  `action_id` int(11) NOT NULL,
  `response_id` int(11) NOT NULL,
  PRIMARY KEY (`index`)
) ENGINE=InnoDB  DEFAULT CHARSET=latin1 AUTO_INCREMENT=137 ;

--
-- Dumping data for table `log`
--

INSERT INTO `log` (`index`, `log_date`, `user_id`, `action_id`, `response_id`) VALUES
(1, '2013-10-30 02:40:04', 2, 4, 10),
(2, '2013-10-30 02:42:52', 2, 3, 10),
(3, '2013-10-30 14:03:10', 2, 3, 10),
(4, '2013-10-30 14:59:05', 2, 3, 10),
(5, '2013-10-30 15:06:29', 5, 3, 10),
(6, '2013-10-30 16:26:39', 1, 103, -1),
(7, '2013-10-30 16:26:51', 1, 103, -1),
(8, '2013-10-30 16:29:18', 1, 103, 2),
(9, '2013-10-30 16:39:32', 1, 101, 2),
(10, '2013-10-30 16:40:37', 1, 101, -1),
(11, '2013-10-30 16:41:23', 1, 101, -1),
(12, '2013-10-30 16:41:52', 1, 101, -1),
(13, '2013-10-30 16:48:08', 1, 102, -1),
(14, '2013-10-30 16:48:37', 1, 102, 2),
(15, '2013-10-30 17:11:35', 2, 101, 2),
(16, '2013-10-30 17:34:49', -1, 100, -1),
(17, '2013-10-30 17:35:44', 1, 100, -1),
(18, '2013-10-30 17:37:54', 3, 100, 2),
(19, '2013-10-30 17:38:14', 1, 100, 90),
(20, '2013-10-30 17:38:29', -1, 100, -1),
(21, '2013-10-30 17:40:09', 2, 100, 90),
(22, '2013-10-30 17:40:14', 2, 100, 2),
(23, '2013-10-30 17:43:20', 1, 100, 2),
(24, '2013-10-30 17:49:08', 2, 100, 2),
(25, '2013-10-30 17:49:09', 2, 104, 2),
(26, '2013-10-30 17:49:21', 2, 104, 2),
(27, '2013-10-30 17:50:10', 3, 100, 2),
(28, '2013-10-30 17:50:11', 3, 104, 2),
(29, '2013-10-30 17:50:18', 3, 104, 2),
(30, '2013-10-30 17:54:22', 3, 104, 2),
(31, '2013-10-30 18:00:13', 1, 103, 92),
(32, '2013-10-30 18:00:22', 1, 104, 2),
(33, '2013-10-30 18:01:01', 1, 103, 93),
(34, '2013-10-30 18:01:13', 1, 104, 2),
(35, '2013-10-30 18:02:08', 1, 101, 90),
(36, '2013-10-30 18:02:19', 1, 104, 2),
(37, '2013-10-30 18:04:23', 1, 101, -1),
(38, '2013-10-30 18:04:35', 1, 104, 2),
(39, '2013-10-30 18:06:02', 1, 104, 2),
(40, '2013-10-30 18:41:16', 1, 100, 2),
(41, '2013-10-30 18:45:11', 2, 100, 90),
(42, '2013-10-30 18:45:24', 3, 100, 2),
(43, '2013-10-30 18:45:37', 1, 100, 2),
(44, '2013-10-30 18:45:58', 2, 100, 90),
(45, '2013-10-30 18:46:09', 3, 100, 2),
(46, '2013-10-30 18:46:21', 3, 104, 2),
(47, '2013-10-30 18:46:34', 3, 104, 2),
(48, '2013-10-30 18:47:26', 1, 100, 2),
(49, '2013-10-30 18:47:34', 3, 100, 2),
(50, '2013-10-30 18:49:10', 3, 100, 2),
(51, '2013-10-30 18:49:12', 1, 100, 2),
(52, '2013-10-30 18:49:12', 3, 104, 2),
(53, '2013-10-30 18:49:15', 1, 104, 2),
(54, '2013-10-30 18:49:22', 3, 104, 2),
(55, '2013-10-30 18:52:50', 2, 100, 2),
(56, '2013-10-30 18:54:39', 2, 100, 2),
(57, '2013-10-30 18:55:19', 2, 100, 90),
(58, '2013-10-30 18:55:23', 2, 100, 2),
(59, '2013-10-30 18:56:02', 2, 100, 2),
(60, '2013-10-30 18:57:39', 2, 100, 90),
(61, '2013-10-30 18:57:42', 2, 100, 2),
(62, '2013-10-30 18:57:51', 2, 104, 2),
(63, '2013-10-30 18:57:55', 2, 104, 2),
(64, '2013-10-30 18:58:57', 2, 100, 90),
(65, '2013-10-30 18:59:01', 2, 100, 2),
(66, '2013-10-30 18:59:37', 2, 100, 2),
(67, '2013-10-30 19:00:20', 2, 100, 2),
(68, '2013-10-30 19:01:06', 2, 100, 2),
(69, '2013-10-30 19:02:09', 2, 100, 2),
(70, '2013-10-30 19:02:37', 1, 100, 2),
(71, '2013-10-30 19:02:56', 1, 104, 2),
(72, '2013-10-30 19:04:22', 1, 104, 2),
(73, '2013-10-30 19:04:36', 1, 100, 2),
(74, '2013-10-30 19:04:41', 2, 100, 2),
(75, '2013-10-30 19:05:02', 1, 100, 2),
(76, '2013-10-30 19:05:09', 1, 100, 2),
(77, '2013-10-30 19:05:10', 2, 100, 2),
(78, '2013-10-30 19:05:21', 1, 100, 2),
(79, '2013-10-30 19:06:00', 1, 100, 2),
(80, '2013-10-30 19:06:07', 2, 100, 2),
(81, '2013-10-30 19:06:28', 2, 100, 2),
(82, '2013-10-30 19:06:48', 2, 100, 2),
(83, '2013-10-30 19:06:53', 2, 100, 2),
(84, '2013-10-30 19:07:12', 2, 100, 2),
(85, '2013-10-30 19:07:23', 2, 100, 2),
(86, '2013-10-30 19:07:33', 1, 100, 2),
(87, '2013-10-30 19:07:41', 2, 100, 2),
(88, '2013-10-30 19:09:20', 1, 104, 2),
(89, '2013-10-30 19:09:32', 2, 100, 2),
(90, '2013-10-30 19:09:33', 2, 104, 2),
(91, '2013-10-30 19:09:42', 2, 100, 2),
(92, '2013-10-30 19:09:44', 1, 104, 2),
(93, '2013-10-30 19:09:46', 2, 104, 2),
(94, '2013-10-30 19:09:47', 1, 104, 2),
(95, '2013-10-30 19:09:57', 2, 104, 2),
(96, '2013-10-30 19:10:17', 2, 100, 2),
(97, '2013-10-30 19:10:18', 1, 100, 2),
(98, '2013-10-30 19:14:26', 2, 100, 2),
(99, '2013-10-30 19:14:49', 1, 100, 2),
(100, '2013-10-30 19:15:46', 1, 100, 2),
(101, '2013-10-30 19:15:56', 1, 104, 2),
(102, '2013-10-30 19:16:18', 2, 100, 90),
(103, '2013-10-30 19:16:22', 2, 100, 2),
(104, '2013-10-30 19:16:47', 1, 100, 2),
(105, '2013-10-30 19:16:50', 1, 104, 2),
(106, '2013-10-30 19:16:57', 1, 100, 2),
(107, '2013-10-30 19:17:04', 2, 104, 2),
(108, '2013-10-30 19:17:10', 1, 104, 2),
(109, '2013-10-30 19:17:22', 1, 100, 2),
(110, '2013-10-30 19:17:25', 1, 104, 2),
(111, '2013-10-30 19:17:28', 1, 104, 2),
(112, '2013-10-30 19:17:30', 1, 104, 2),
(113, '2013-10-30 19:17:42', 1, 100, 2),
(114, '2013-10-30 19:17:44', 1, 104, 2),
(115, '2013-10-30 19:17:54', 2, 100, 2),
(116, '2013-10-30 19:17:58', 2, 104, 2),
(117, '2013-10-30 19:18:07', 2, 100, 2),
(118, '2013-10-30 19:18:08', 2, 104, 2),
(119, '2013-10-30 19:20:08', 1, 100, 2),
(120, '2013-10-30 19:20:10', 1, 104, 2),
(121, '2013-10-30 19:20:30', 1, 100, 2),
(122, '2013-10-30 19:20:42', 2, 100, 2),
(123, '2013-10-30 19:20:46', 2, 104, 2),
(124, '2013-10-30 19:20:53', 2, 100, 2),
(125, '2013-10-30 19:21:30', 2, 100, 90),
(126, '2013-10-30 19:21:33', 2, 100, 2),
(127, '2013-10-30 19:21:34', 2, 104, 2),
(128, '2013-10-30 19:24:55', 2, 104, 2),
(129, '2013-10-30 19:25:38', 2, 100, 2),
(130, '2013-10-30 19:30:27', 69, 4, 10),
(131, '2013-10-30 19:30:48', 2, 100, 2),
(132, '2013-10-30 19:35:38', 2, 100, 2),
(133, '2013-10-30 19:36:38', 2, 100, 90),
(134, '2013-10-30 19:36:40', 2, 100, 2),
(135, '2013-10-30 19:36:42', 69, 3, 10),
(136, '2013-10-30 19:38:48', 2, 3, 10);

-- --------------------------------------------------------

--
-- Table structure for table `members`
--

CREATE TABLE IF NOT EXISTS `members` (
  `user_id` int(4) NOT NULL AUTO_INCREMENT,
  `username` varchar(65) NOT NULL DEFAULT '',
  `password` varchar(65) NOT NULL DEFAULT '',
  PRIMARY KEY (`username`),
  KEY `user_id` (`user_id`)
) ENGINE=InnoDB  DEFAULT CHARSET=latin1 AUTO_INCREMENT=9 ;

--
-- Dumping data for table `members`
--

INSERT INTO `members` (`user_id`, `username`, `password`) VALUES
(1, 'devan', 'houlihan9'),
(-1, 'InvalidUser', 'InvalidUser'),
(2, 'nick', '1234'),
(3, 'stevethepirate', 'ilovepirates');

-- --------------------------------------------------------

--
-- Table structure for table `statusCodes`
--

CREATE TABLE IF NOT EXISTS `statusCodes` (
  `code_id` int(11) NOT NULL,
  `code_name` text NOT NULL,
  `code_desc` text NOT NULL,
  PRIMARY KEY (`code_id`)
) ENGINE=InnoDB DEFAULT CHARSET=latin1;

--
-- Dumping data for table `statusCodes`
--

INSERT INTO `statusCodes` (`code_id`, `code_name`, `code_desc`) VALUES
(-1, 'Error', 'General error case.'),
(0, 'False', 'Boolean false case.'),
(1, 'True', 'Boolean true case.'),
(2, 'Success', 'Operation completed successfully.'),
(3, 'Locked', 'The door is locked.'),
(4, 'Unlocked', 'The door is unlocked.'),
(10, 'Test Code', 'Used for general testing and debugging of log'),
(50, 'ErrorLockedAlready', 'The door is already locked and cannot be given the lock command.'),
(51, 'ErrorUnlockedAlready', 'The door is already unlocked and cannot be given the unlock command.'),
(60, 'ErrorUnlockInProgress', 'The door is currently being unlocked or locked and cannot be sent a command.'),
(70, 'ErrorOperationIncomplete', 'The previous lock or unlock operation did not complete.'),
(80, 'ErrorSensor', 'Pushbutton error.'),
(90, 'ErrorPassword', 'User tried an incorrect password.'),
(91, 'ErrorInvalidUser', 'The user does not exist.'),
(92, 'ErrorPasswordMatch', 'New passwords do not match.'),
(93, 'ErrorUserPass', 'User has entered the wrong username or password.'),
(100, 'LoginAttempt', 'User has attempted to log in.'),
(101, 'AddUserAttempt', 'User has attempted to add another user.'),
(102, 'RemoveUserAttempt', 'User has attempted to remove a user.'),
(103, 'ChangePassAttempt', 'User has attempted to change their password.'),
(104, 'ViewLog', 'User has viewed the log.'),
(110, 'UnlockAttempt', 'User has attempted to unlock the door.'),
(111, 'LockAttempt', 'User has attempted to lock the door.');

/*!40101 SET CHARACTER_SET_CLIENT=@OLD_CHARACTER_SET_CLIENT */;
/*!40101 SET CHARACTER_SET_RESULTS=@OLD_CHARACTER_SET_RESULTS */;
/*!40101 SET COLLATION_CONNECTION=@OLD_COLLATION_CONNECTION */;
