-- phpMyAdmin SQL Dump
-- version 3.4.11.1deb2
-- http://www.phpmyadmin.net
--
-- Host: localhost
-- Generation Time: Nov 04, 2013 at 09:38 PM
-- Server version: 5.5.31
-- PHP Version: 5.4.4-14+deb7u5

SET SQL_MODE="NO_AUTO_VALUE_ON_ZERO";
SET time_zone = "+00:00";


/*!40101 SET @OLD_CHARACTER_SET_CLIENT=@@CHARACTER_SET_CLIENT */;
/*!40101 SET @OLD_CHARACTER_SET_RESULTS=@@CHARACTER_SET_RESULTS */;
/*!40101 SET @OLD_COLLATION_CONNECTION=@@COLLATION_CONNECTION */;
/*!40101 SET NAMES utf8 */;

--
-- Database: `login`
--

-- --------------------------------------------------------

--
-- Table structure for table `log`
--

CREATE TABLE IF NOT EXISTS `log` (
  `index` int(11) NOT NULL AUTO_INCREMENT,
  `log_date` timestamp NOT NULL DEFAULT CURRENT_TIMESTAMP,
  `user_id` int(11) NOT NULL,
  `action_id` int(11) NOT NULL,
  `response_id` int(11) NOT NULL,
  PRIMARY KEY (`index`)
) ENGINE=InnoDB  DEFAULT CHARSET=latin1 AUTO_INCREMENT=783 ;

--
-- Dumping data for table `log`
--

INSERT INTO `log` (`index`, `log_date`, `user_id`, `action_id`, `response_id`) VALUES
(1, '2013-10-30 02:40:04', 2, 4, 10),
(2, '2013-10-30 02:42:52', 2, 3, 10),
(3, '2013-10-30 14:03:10', 2, 3, 10),
(4, '2013-10-30 14:59:05', 2, 3, 10),
(5, '2013-10-30 15:06:29', 5, 3, 10),
(6, '2013-10-30 16:26:39', 1, 103, -1),
(7, '2013-10-30 16:26:51', 1, 103, -1),
(8, '2013-10-30 16:29:18', 1, 103, 2),
(9, '2013-10-30 16:39:32', 1, 101, 2),
(10, '2013-10-30 16:40:37', 1, 101, -1),
(11, '2013-10-30 16:41:23', 1, 101, -1),
(12, '2013-10-30 16:41:52', 1, 101, -1),
(13, '2013-10-30 16:48:08', 1, 102, -1),
(14, '2013-10-30 16:48:37', 1, 102, 2),
(15, '2013-10-30 17:11:35', 2, 101, 2),
(16, '2013-10-30 17:34:49', -1, 100, -1),
(17, '2013-10-30 17:35:44', 1, 100, -1),
(18, '2013-10-30 17:37:54', 3, 100, 2),
(19, '2013-10-30 17:38:14', 1, 100, 90),
(20, '2013-10-30 17:38:29', -1, 100, -1),
(21, '2013-10-30 17:40:09', 2, 100, 90),
(22, '2013-10-30 17:40:14', 2, 100, 2),
(23, '2013-10-30 17:43:20', 1, 100, 2),
(24, '2013-10-30 17:49:08', 2, 100, 2),
(25, '2013-10-30 17:49:09', 2, 104, 2),
(26, '2013-10-30 17:49:21', 2, 104, 2),
(27, '2013-10-30 17:50:10', 3, 100, 2),
(28, '2013-10-30 17:50:11', 3, 104, 2),
(29, '2013-10-30 17:50:18', 3, 104, 2),
(30, '2013-10-30 17:54:22', 3, 104, 2),
(31, '2013-10-30 18:00:13', 1, 103, 92),
(32, '2013-10-30 18:00:22', 1, 104, 2),
(33, '2013-10-30 18:01:01', 1, 103, 93),
(34, '2013-10-30 18:01:13', 1, 104, 2),
(35, '2013-10-30 18:02:08', 1, 101, 90),
(36, '2013-10-30 18:02:19', 1, 104, 2),
(37, '2013-10-30 18:04:23', 1, 101, -1),
(38, '2013-10-30 18:04:35', 1, 104, 2),
(39, '2013-10-30 18:06:02', 1, 104, 2),
(40, '2013-10-30 18:41:16', 1, 100, 2),
(41, '2013-10-30 18:45:11', 2, 100, 90),
(42, '2013-10-30 18:45:24', 3, 100, 2),
(43, '2013-10-30 18:45:37', 1, 100, 2),
(44, '2013-10-30 18:45:58', 2, 100, 90),
(45, '2013-10-30 18:46:09', 3, 100, 2),
(46, '2013-10-30 18:46:21', 3, 104, 2),
(47, '2013-10-30 18:46:34', 3, 104, 2),
(48, '2013-10-30 18:47:26', 1, 100, 2),
(49, '2013-10-30 18:47:34', 3, 100, 2),
(50, '2013-10-30 18:49:10', 3, 100, 2),
(51, '2013-10-30 18:49:12', 1, 100, 2),
(52, '2013-10-30 18:49:12', 3, 104, 2),
(53, '2013-10-30 18:49:15', 1, 104, 2),
(54, '2013-10-30 18:49:22', 3, 104, 2),
(55, '2013-10-30 18:52:50', 2, 100, 2),
(56, '2013-10-30 18:54:39', 2, 100, 2),
(57, '2013-10-30 18:55:19', 2, 100, 90),
(58, '2013-10-30 18:55:23', 2, 100, 2),
(59, '2013-10-30 18:56:02', 2, 100, 2),
(60, '2013-10-30 18:57:39', 2, 100, 90),
(61, '2013-10-30 18:57:42', 2, 100, 2),
(62, '2013-10-30 18:57:51', 2, 104, 2),
(63, '2013-10-30 18:57:55', 2, 104, 2),
(64, '2013-10-30 18:58:57', 2, 100, 90),
(65, '2013-10-30 18:59:01', 2, 100, 2),
(66, '2013-10-30 18:59:37', 2, 100, 2),
(67, '2013-10-30 19:00:20', 2, 100, 2),
(68, '2013-10-30 19:01:06', 2, 100, 2),
(69, '2013-10-30 19:02:09', 2, 100, 2),
(70, '2013-10-30 19:02:37', 1, 100, 2),
(71, '2013-10-30 19:02:56', 1, 104, 2),
(72, '2013-10-30 19:04:22', 1, 104, 2),
(73, '2013-10-30 19:04:36', 1, 100, 2),
(74, '2013-10-30 19:04:41', 2, 100, 2),
(75, '2013-10-30 19:05:02', 1, 100, 2),
(76, '2013-10-30 19:05:09', 1, 100, 2),
(77, '2013-10-30 19:05:10', 2, 100, 2),
(78, '2013-10-30 19:05:21', 1, 100, 2),
(79, '2013-10-30 19:06:00', 1, 100, 2),
(80, '2013-10-30 19:06:07', 2, 100, 2),
(81, '2013-10-30 19:06:28', 2, 100, 2),
(82, '2013-10-30 19:06:48', 2, 100, 2),
(83, '2013-10-30 19:06:53', 2, 100, 2),
(84, '2013-10-30 19:07:12', 2, 100, 2),
(85, '2013-10-30 19:07:23', 2, 100, 2),
(86, '2013-10-30 19:07:33', 1, 100, 2),
(87, '2013-10-30 19:07:41', 2, 100, 2),
(88, '2013-10-30 19:09:20', 1, 104, 2),
(89, '2013-10-30 19:09:32', 2, 100, 2),
(90, '2013-10-30 19:09:33', 2, 104, 2),
(91, '2013-10-30 19:09:42', 2, 100, 2),
(92, '2013-10-30 19:09:44', 1, 104, 2),
(93, '2013-10-30 19:09:46', 2, 104, 2),
(94, '2013-10-30 19:09:47', 1, 104, 2),
(95, '2013-10-30 19:09:57', 2, 104, 2),
(96, '2013-10-30 19:10:17', 2, 100, 2),
(97, '2013-10-30 19:10:18', 1, 100, 2),
(98, '2013-10-30 19:14:26', 2, 100, 2),
(99, '2013-10-30 19:14:49', 1, 100, 2),
(100, '2013-10-30 19:15:46', 1, 100, 2),
(101, '2013-10-30 19:15:56', 1, 104, 2),
(102, '2013-10-30 19:16:18', 2, 100, 90),
(103, '2013-10-30 19:16:22', 2, 100, 2),
(104, '2013-10-30 19:16:47', 1, 100, 2),
(105, '2013-10-30 19:16:50', 1, 104, 2),
(106, '2013-10-30 19:16:57', 1, 100, 2),
(107, '2013-10-30 19:17:04', 2, 104, 2),
(108, '2013-10-30 19:17:10', 1, 104, 2),
(109, '2013-10-30 19:17:22', 1, 100, 2),
(110, '2013-10-30 19:17:25', 1, 104, 2),
(111, '2013-10-30 19:17:28', 1, 104, 2),
(112, '2013-10-30 19:17:30', 1, 104, 2),
(113, '2013-10-30 19:17:42', 1, 100, 2),
(114, '2013-10-30 19:17:44', 1, 104, 2),
(115, '2013-10-30 19:17:54', 2, 100, 2),
(116, '2013-10-30 19:17:58', 2, 104, 2),
(117, '2013-10-30 19:18:07', 2, 100, 2),
(118, '2013-10-30 19:18:08', 2, 104, 2),
(119, '2013-10-30 19:20:08', 1, 100, 2),
(120, '2013-10-30 19:20:10', 1, 104, 2),
(121, '2013-10-30 19:20:30', 1, 100, 2),
(122, '2013-10-30 19:20:42', 2, 100, 2),
(123, '2013-10-30 19:20:46', 2, 104, 2),
(124, '2013-10-30 19:20:53', 2, 100, 2),
(125, '2013-10-30 19:21:30', 2, 100, 90),
(126, '2013-10-30 19:21:33', 2, 100, 2),
(127, '2013-10-30 19:21:34', 2, 104, 2),
(128, '2013-10-30 19:24:55', 2, 104, 2),
(129, '2013-10-30 19:25:38', 2, 100, 2),
(130, '2013-10-30 19:30:27', 69, 4, 10),
(131, '2013-10-30 19:30:48', 2, 100, 2),
(132, '2013-10-30 19:35:38', 2, 100, 2),
(133, '2013-10-30 19:36:38', 2, 100, 90),
(134, '2013-10-30 19:36:40', 2, 100, 2),
(135, '2013-10-30 19:36:42', 69, 3, 10),
(136, '2013-10-30 19:38:48', 2, 3, 10),
(137, '2013-10-30 21:17:15', 2, 100, 2),
(138, '2013-10-30 21:19:18', 2, 100, 2),
(139, '2013-10-30 21:23:49', 2, 104, 2),
(140, '2013-10-30 21:23:57', 2, 104, 2),
(141, '2013-10-30 21:32:33', 2, 104, 2),
(142, '2013-10-30 21:32:37', 2, 104, 2),
(143, '2013-10-30 21:34:16', 2, 4, -1),
(144, '2013-10-30 21:34:24', 2, 104, 2),
(145, '2013-10-30 21:35:52', 2, 4, -1),
(146, '2013-10-30 21:36:31', 2, 4, -1),
(147, '2013-10-30 21:40:01', 2, 4, -1),
(148, '2013-10-30 21:41:17', 2, 4, -1),
(149, '2013-10-30 21:46:14', 2, 3, -1),
(150, '2013-10-30 21:48:26', 2, 104, 2),
(151, '2013-10-30 21:50:23', 2, 3, -1),
(152, '2013-10-30 21:53:24', 2, 4, -1),
(153, '2013-10-30 21:54:18', 2, 4, -1),
(154, '2013-10-30 22:08:30', 2, 4, -1),
(155, '2013-10-30 22:08:35', 2, 104, 2),
(156, '2013-10-30 22:10:37', 2, 3, 3),
(157, '2013-10-30 22:10:58', 2, 104, 2),
(158, '2013-10-30 22:11:13', 2, 4, 4),
(159, '2013-10-30 22:11:20', 2, 104, 2),
(160, '2013-10-30 22:16:45', 3, 100, 2),
(161, '2013-10-30 22:16:55', 3, 4, 4),
(162, '2013-10-30 22:17:02', 3, 104, 2),
(163, '2013-10-30 22:19:14', 2, 100, 2),
(164, '2013-10-30 22:19:22', 2, 4, 4),
(165, '2013-10-30 22:24:07', 2, 4, 4),
(166, '2013-10-30 22:24:18', 2, 3, 3),
(167, '2013-10-30 22:24:24', 2, 104, 2),
(168, '2013-10-31 00:55:31', 2, 100, 2),
(169, '2013-10-31 23:09:40', 2, 100, 2),
(170, '2013-10-31 23:15:44', 2, 104, 2),
(171, '2013-10-31 23:32:42', 2, 104, 2),
(172, '2013-10-31 23:40:48', 2, 104, 2),
(173, '2013-11-02 17:34:47', 2, 100, 2),
(174, '2013-11-02 17:35:20', 2, 5, 4),
(175, '2013-11-02 17:36:17', 2, 100, 2),
(176, '2013-11-02 17:36:22', 2, 5, 4),
(177, '2013-11-02 17:36:32', 2, 104, 2),
(178, '2013-11-02 18:03:30', 2, 104, 2),
(179, '2013-11-02 18:04:37', 2, 4, 51),
(180, '2013-11-02 18:04:43', 2, 104, 2),
(181, '2013-11-02 18:04:58', 2, 5, 4),
(182, '2013-11-02 18:05:04', 2, 104, 2),
(183, '2013-11-02 18:06:44', 2, 104, 2),
(184, '2013-11-02 18:09:37', 3, 100, 2),
(185, '2013-11-02 18:10:02', 3, 3, 2),
(186, '2013-11-02 18:10:09', 3, 104, 2),
(187, '2013-11-02 18:11:16', 3, 100, 2),
(188, '2013-11-02 18:12:17', 3, 100, 2),
(189, '2013-11-02 18:12:39', 3, 4, 2),
(190, '2013-11-02 18:16:06', 3, 100, 2),
(191, '2013-11-02 18:16:24', 3, 3, 2),
(192, '2013-11-02 18:16:30', 3, 104, 2),
(193, '2013-11-02 18:19:22', 3, 104, 2),
(194, '2013-11-02 18:28:16', 3, 3, 50),
(195, '2013-11-02 18:32:48', 3, 3, 50),
(196, '2013-11-02 18:38:20', 3, 3, 50),
(197, '2013-11-02 18:40:46', 3, 5, 3),
(198, '2013-11-02 19:33:26', 1, 100, 2),
(199, '2013-11-02 19:33:52', 1, 5, 3),
(200, '2013-11-02 19:34:32', 1, 4, 2),
(201, '2013-11-02 19:34:51', 1, 3, 2),
(202, '2013-11-02 19:35:16', 1, 4, 2),
(203, '2013-11-02 19:36:01', 1, 3, 2),
(204, '2013-11-02 19:45:12', 2, 100, 2),
(205, '2013-11-02 19:54:31', 2, 100, 2),
(206, '2013-11-02 20:13:29', 2, 3, 94),
(207, '2013-11-02 20:13:40', 2, 104, 2),
(208, '2013-11-02 20:13:47', 2, 104, 2),
(209, '2013-11-02 20:13:58', 2, 3, 94),
(210, '2013-11-02 20:14:39', 2, 3, 94),
(211, '2013-11-02 20:14:54', 2, 3, 94),
(212, '2013-11-02 20:15:01', 2, 104, 2),
(213, '2013-11-02 20:16:18', 3, 100, 2),
(214, '2013-11-02 20:16:39', 3, 104, 2),
(215, '2013-11-02 20:19:40', 3, 104, 2),
(216, '2013-11-02 20:36:59', 3, 104, 2),
(217, '2013-11-02 20:46:28', 3, 3, 94),
(218, '2013-11-02 21:01:11', 3, 3, 94),
(219, '2013-11-02 21:01:34', 3, 3, 94),
(220, '2013-11-02 21:01:53', 3, 3, 94),
(221, '2013-11-02 21:02:08', 3, 3, 94),
(222, '2013-11-02 21:02:39', 3, 3, 94),
(223, '2013-11-02 21:02:54', 3, 3, 94),
(224, '2013-11-02 21:03:24', 3, 3, 94),
(225, '2013-11-02 21:05:07', 3, 3, 94),
(226, '2013-11-02 21:05:19', 3, 3, 94),
(227, '2013-11-02 21:06:09', 3, 3, 94),
(228, '2013-11-02 21:06:29', 3, 3, 94),
(229, '2013-11-02 21:07:25', 3, 3, 94),
(230, '2013-11-02 21:08:17', 3, 3, 94),
(231, '2013-11-02 21:08:43', 3, 3, 94),
(232, '2013-11-02 21:09:27', 3, 3, 94),
(233, '2013-11-02 21:09:32', 3, 3, 94),
(234, '2013-11-02 21:09:41', 3, 3, 94),
(235, '2013-11-02 21:10:12', 3, 3, 94),
(236, '2013-11-02 21:10:47', 3, 3, 94),
(237, '2013-11-02 21:11:22', 3, 3, 94),
(238, '2013-11-02 21:12:42', 3, 3, 94),
(239, '2013-11-02 21:12:55', 3, 3, 94),
(240, '2013-11-02 21:16:54', 3, 3, 94),
(241, '2013-11-02 21:18:05', 3, 3, 94),
(242, '2013-11-02 21:19:02', 3, 3, 94),
(243, '2013-11-02 21:19:11', 3, 4, 94),
(244, '2013-11-02 21:21:34', 3, 5, 94),
(245, '2013-11-02 21:29:09', 3, 5, 3),
(246, '2013-11-02 21:29:22', 3, 5, 3),
(247, '2013-11-02 21:30:01', 3, 4, 2),
(248, '2013-11-02 21:33:03', 3, 5, 4),
(249, '2013-11-02 21:33:09', 3, 4, 51),
(250, '2013-11-02 21:36:01', 3, 4, 51),
(251, '2013-11-02 21:39:17', 3, 5, 4),
(252, '2013-11-02 21:39:26', 3, 5, 4),
(253, '2013-11-02 21:40:05', 3, 4, 51),
(254, '2013-11-02 21:40:36', 3, 5, 4),
(255, '2013-11-02 21:40:40', 3, 5, 4),
(256, '2013-11-02 21:44:00', 3, 5, 4),
(257, '2013-11-02 21:45:19', 3, 3, 2),
(258, '2013-11-02 21:46:45', 3, 104, 2),
(259, '2013-11-02 21:47:02', 3, 5, 3),
(260, '2013-11-02 21:47:16', 3, 104, 2),
(261, '2013-11-02 21:48:02', 3, 104, 2),
(262, '2013-11-02 21:48:07', 3, 5, 3),
(263, '2013-11-02 21:48:31', 3, 104, 2),
(264, '2013-11-02 21:48:35', 3, 104, 2),
(265, '2013-11-02 21:48:49', 3, 5, 3),
(266, '2013-11-02 21:49:01', 3, 4, 2),
(267, '2013-11-02 21:50:36', 2, 100, 2),
(268, '2013-11-02 21:51:57', 2, 100, 2),
(269, '2013-11-02 21:52:25', 2, 100, 2),
(270, '2013-11-02 21:56:04', 2, 5, 4),
(271, '2013-11-02 21:56:25', 2, 5, 4),
(272, '2013-11-02 22:14:11', 2, 5, 4),
(273, '2013-11-02 22:15:11', 2, 5, 4),
(274, '2013-11-02 22:18:24', 2, 100, 2),
(275, '2013-11-02 22:18:58', 2, 100, 90),
(276, '2013-11-02 22:19:01', 2, 100, 2),
(277, '2013-11-02 22:20:27', 2, 100, 2),
(278, '2013-11-02 22:21:02', 2, 100, 2),
(279, '2013-11-02 22:21:28', 2, 100, 2),
(280, '2013-11-02 22:23:31', 2, 100, 90),
(281, '2013-11-02 22:23:35', 2, 100, 90),
(282, '2013-11-02 22:23:38', 2, 100, 2),
(283, '2013-11-02 22:25:59', 2, 100, 2),
(284, '2013-11-02 22:27:29', 2, 5, 4),
(285, '2013-11-02 22:27:53', 2, 100, 2),
(286, '2013-11-02 22:28:05', 2, 100, 2),
(287, '2013-11-02 22:28:09', 2, 100, 2),
(288, '2013-11-02 22:28:24', 2, 5, 4),
(289, '2013-11-02 22:32:00', 2, 100, 90),
(290, '2013-11-02 22:33:28', 2, 100, 2),
(291, '2013-11-02 22:34:54', 2, 100, 2),
(292, '2013-11-02 22:35:24', 2, 100, 2),
(293, '2013-11-02 22:36:47', 2, 100, 2),
(294, '2013-11-02 22:55:23', 2, 100, 2),
(295, '2013-11-02 22:55:47', 2, 100, 90),
(296, '2013-11-02 22:55:49', 2, 100, 2),
(297, '2013-11-02 22:56:14', 2, 100, 90),
(298, '2013-11-02 22:56:16', 2, 100, 2),
(299, '2013-11-02 22:57:35', 2, 100, 90),
(300, '2013-11-02 22:57:40', 2, 100, 2),
(301, '2013-11-02 23:00:03', 2, 100, 2),
(302, '2013-11-02 23:00:31', 2, 100, 2),
(303, '2013-11-02 23:00:49', 2, 100, 2),
(304, '2013-11-02 23:03:22', 2, 100, 2),
(305, '2013-11-02 23:04:44', 2, 100, 90),
(306, '2013-11-02 23:04:47', 2, 100, 2),
(307, '2013-11-02 23:05:23', -1, 100, 91),
(308, '2013-11-02 23:05:52', -1, 100, 91),
(309, '2013-11-02 23:09:53', 2, 100, 2),
(310, '2013-11-02 23:10:19', 2, 100, 2),
(311, '2013-11-02 23:10:44', 2, 100, 2),
(312, '2013-11-02 23:11:13', 2, 5, 4),
(313, '2013-11-02 23:11:39', 2, 100, 2),
(314, '2013-11-02 23:11:47', 2, 4, 51),
(315, '2013-11-02 23:12:01', 2, 5, 4),
(316, '2013-11-02 23:12:05', 2, 3, 2),
(317, '2013-11-02 23:16:18', 2, 100, 2),
(318, '2013-11-02 23:17:50', 2, 100, 90),
(319, '2013-11-02 23:17:53', 2, 100, 2),
(320, '2013-11-02 23:32:08', 2, 100, 2),
(321, '2013-11-02 23:32:16', 2, 5, 3),
(322, '2013-11-02 23:36:28', 2, 5, 3),
(323, '2013-11-02 23:36:43', 2, 4, 2),
(324, '2013-11-02 23:46:40', 2, 5, 4),
(325, '2013-11-03 00:02:34', 2, 3, 2),
(326, '2013-11-03 00:12:10', 2, 100, 2),
(327, '2013-11-03 00:12:22', 2, 4, 2),
(328, '2013-11-03 00:22:01', 2, 4, 51),
(329, '2013-11-03 00:25:06', 2, 5, 80),
(330, '2013-11-03 00:29:08', 2, 5, 80),
(331, '2013-11-03 00:29:42', 2, 5, 80),
(332, '2013-11-03 00:30:01', 2, 5, 80),
(333, '2013-11-03 00:30:09', 2, 5, 80),
(334, '2013-11-03 00:30:23', 2, 5, 80),
(335, '2013-11-03 00:30:34', 2, 5, 80),
(336, '2013-11-03 00:30:53', 2, 5, 80),
(337, '2013-11-03 00:32:21', 2, 5, 80),
(338, '2013-11-03 00:32:40', 2, 5, 80),
(339, '2013-11-03 00:35:32', 2, 5, 80),
(340, '2013-11-03 00:35:46', 2, 5, 80),
(341, '2013-11-03 00:36:02', 2, 3, 50),
(342, '2013-11-03 00:36:19', 2, 5, 80),
(343, '2013-11-03 00:36:40', 2, 5, 80),
(344, '2013-11-03 00:36:46', 2, 3, 50),
(345, '2013-11-03 00:36:55', 2, 5, 80),
(346, '2013-11-03 00:37:42', 2, 5, 80),
(347, '2013-11-03 00:37:53', 2, 5, 80),
(348, '2013-11-03 00:38:01', 2, 5, 80),
(349, '2013-11-03 00:38:20', 2, 4, 51),
(350, '2013-11-03 00:38:29', 2, 5, 80),
(351, '2013-11-03 00:38:40', 2, 5, 80),
(352, '2013-11-03 00:39:06', 2, 5, 80),
(353, '2013-11-03 00:40:04', 2, 5, 80),
(354, '2013-11-03 00:40:22', 2, 5, 80),
(355, '2013-11-03 00:41:12', 2, 5, 80),
(356, '2013-11-03 00:41:23', 2, 5, 80),
(357, '2013-11-03 00:41:52', 2, 4, 51),
(358, '2013-11-03 00:42:08', 2, 3, 50),
(359, '2013-11-03 00:42:17', 2, 5, 4),
(360, '2013-11-03 00:42:20', 2, 4, 51),
(361, '2013-11-03 00:42:27', 2, 3, 2),
(362, '2013-11-03 00:43:17', 2, 5, 80),
(363, '2013-11-03 00:43:30', 2, 5, 80),
(364, '2013-11-03 00:43:47', 2, 4, 51),
(365, '2013-11-03 00:45:58', 2, 5, 80),
(366, '2013-11-03 00:46:09', 2, 3, 50),
(367, '2013-11-03 00:46:28', 2, 4, 51),
(368, '2013-11-03 00:47:20', 2, 5, 80),
(369, '2013-11-03 00:47:26', 2, 5, 80),
(370, '2013-11-03 00:47:35', 2, 3, 50),
(371, '2013-11-03 00:47:41', 2, 5, 80),
(372, '2013-11-03 00:47:47', 2, 3, 50),
(373, '2013-11-03 00:47:49', 2, 4, 51),
(374, '2013-11-03 00:48:05', 2, 5, 80),
(375, '2013-11-03 00:48:22', 2, 5, 80),
(376, '2013-11-03 00:50:03', 2, 5, 80),
(377, '2013-11-03 00:50:06', 2, 3, 2),
(378, '2013-11-03 00:50:17', 2, 5, 80),
(379, '2013-11-03 00:58:05', 2, 5, 3),
(380, '2013-11-03 00:59:02', 2, 5, 80),
(381, '2013-11-03 00:59:14', 2, 5, 80),
(382, '2013-11-03 00:59:48', 2, 5, 80),
(383, '2013-11-03 01:00:04', 2, 5, 80),
(384, '2013-11-03 01:10:42', 2, 5, 80),
(385, '2013-11-03 01:11:19', 2, 4, 80),
(386, '2013-11-03 01:11:25', 2, 3, 80),
(387, '2013-11-03 01:13:19', 2, 5, 80),
(388, '2013-11-03 01:16:52', 2, 5, 80),
(389, '2013-11-03 01:17:01', 2, 5, 80),
(390, '2013-11-03 01:17:43', 2, 5, 80),
(391, '2013-11-03 01:21:49', 2, 5, 80),
(392, '2013-11-03 01:22:39', 2, 5, 2),
(393, '2013-11-03 01:30:32', 2, 100, 2),
(394, '2013-11-03 01:30:36', 2, 4, 51),
(395, '2013-11-03 01:30:44', 2, 5, 4),
(396, '2013-11-03 01:30:49', 2, 3, 2),
(397, '2013-11-03 01:44:21', 2, 3, 50),
(398, '2013-11-03 01:44:24', 2, 4, 2),
(399, '2013-11-03 01:51:48', 2, 5, 4),
(400, '2013-11-03 01:52:13', 2, 3, 2),
(401, '2013-11-03 01:53:34', 2, 104, 2),
(402, '2013-11-03 01:54:14', 2, 102, 93),
(403, '2013-11-03 01:54:32', 2, 102, 93),
(404, '2013-11-03 01:54:42', 2, 100, 2),
(405, '2013-11-03 01:55:07', 2, 101, 2),
(406, '2013-11-03 02:31:17', 2, 100, 2),
(407, '2013-11-03 02:31:21', 2, 104, 2),
(408, '2013-11-03 02:31:27', 2, 104, 2),
(409, '2013-11-03 02:32:39', 2, 5, 4),
(410, '2013-11-03 02:36:35', 2, 5, 4),
(411, '2013-11-03 02:38:09', 2, 3, 2),
(412, '2013-11-03 02:38:48', 2, 3, 50),
(413, '2013-11-03 02:39:09', 2, 5, 3),
(414, '2013-11-03 02:39:11', 2, 3, 50),
(415, '2013-11-03 02:39:32', 2, 3, 50),
(416, '2013-11-03 02:39:43', 2, 3, 50),
(417, '2013-11-03 02:40:00', 2, 3, 50),
(418, '2013-11-03 02:44:24', 2, 3, 50),
(419, '2013-11-03 02:44:41', 2, 3, 50),
(420, '2013-11-03 02:44:47', 2, 3, 50),
(421, '2013-11-03 02:45:13', 2, 3, 50),
(422, '2013-11-03 02:45:14', 2, 3, 50),
(423, '2013-11-03 02:49:16', 2, 5, 3),
(424, '2013-11-03 02:49:27', 2, 3, 50),
(425, '2013-11-03 02:51:10', 2, 3, 50),
(426, '2013-11-03 02:52:46', 2, 3, 50),
(427, '2013-11-03 02:53:02', 2, 3, 50),
(428, '2013-11-03 02:54:12', 2, 3, 50),
(429, '2013-11-03 02:54:44', 2, 5, 3),
(430, '2013-11-03 02:55:18', 2, 5, 3),
(431, '2013-11-03 02:57:07', 2, 3, 2),
(432, '2013-11-03 02:57:32', 2, 104, 2),
(433, '2013-11-03 02:57:38', 2, 5, 3),
(434, '2013-11-03 02:58:13', 2, 5, 3),
(435, '2013-11-03 03:03:22', 2, 100, 2),
(436, '2013-11-03 03:04:32', 2, 100, 2),
(437, '2013-11-03 03:04:38', 2, 100, 2),
(438, '2013-11-03 03:06:33', 2, 100, 2),
(439, '2013-11-03 03:06:44', 2, 100, 2),
(440, '2013-11-03 03:08:40', 2, 100, 2),
(441, '2013-11-03 03:08:40', 2, 100, 2),
(442, '2013-11-03 03:08:48', 2, 100, 2),
(443, '2013-11-03 03:09:16', 2, 100, 2),
(444, '2013-11-03 03:09:31', 2, 104, 2),
(445, '2013-11-03 03:11:25', 2, 5, 3),
(446, '2013-11-03 03:11:39', 2, 4, 2),
(447, '2013-11-03 03:12:00', 2, 5, 4),
(448, '2013-11-03 03:12:09', 2, 3, 2),
(449, '2013-11-03 03:12:28', 2, 5, 3),
(450, '2013-11-03 03:14:49', 2, 100, 2),
(451, '2013-11-03 03:16:48', 2, 5, 3),
(452, '2013-11-03 03:16:54', 2, 4, 2),
(453, '2013-11-03 03:17:03', 2, 5, 4),
(454, '2013-11-03 03:24:06', 2, 100, 2),
(455, '2013-11-03 03:24:06', 2, 100, 2),
(456, '2013-11-03 03:24:22', 2, 4, 51),
(457, '2013-11-03 03:24:28', 2, 3, 2),
(458, '2013-11-03 03:24:57', 2, 5, 3),
(459, '2013-11-03 03:25:09', 2, 3, 50),
(460, '2013-11-03 03:25:15', 2, 4, 2),
(461, '2013-11-03 03:25:54', 2, 5, 4),
(462, '2013-11-03 03:26:03', 2, 5, 4),
(463, '2013-11-03 03:26:30', 2, 3, 2),
(464, '2013-11-03 03:26:54', 2, 5, 80),
(465, '2013-11-03 03:27:51', 2, 5, 80),
(466, '2013-11-03 03:28:08', 2, 5, 80),
(467, '2013-11-03 03:28:34', 2, 5, 80),
(468, '2013-11-03 03:33:58', 2, 5, 80),
(469, '2013-11-03 03:34:04', 2, 4, 80),
(470, '2013-11-03 03:34:12', 2, 5, 80),
(471, '2013-11-03 03:34:21', 2, 5, 80),
(472, '2013-11-03 03:34:21', 2, 104, 2),
(473, '2013-11-03 03:35:43', 2, 100, 90),
(474, '2013-11-03 03:35:46', 2, 100, 2),
(475, '2013-11-03 03:35:51', 2, 100, 2),
(476, '2013-11-03 03:46:08', 2, 5, 94),
(477, '2013-11-03 03:46:34', 2, 3, 94),
(478, '2013-11-03 03:46:46', 2, 104, 2),
(479, '2013-11-03 03:47:27', 2, 104, 2),
(480, '2013-11-03 03:50:03', 3, 100, 2),
(481, '2013-11-03 03:54:41', 2, 100, 2),
(482, '2013-11-03 03:54:45', 2, 104, 2),
(483, '2013-11-03 03:56:09', 2, 100, 2),
(484, '2013-11-03 03:58:12', 2, 100, 90),
(485, '2013-11-03 03:58:21', 2, 100, 2),
(486, '2013-11-03 03:59:33', 2, 104, 2),
(487, '2013-11-03 03:59:39', 2, 104, 2),
(488, '2013-11-03 03:59:44', 2, 104, 2),
(489, '2013-11-03 04:01:25', 2, 104, 2),
(490, '2013-11-03 13:58:39', 2, 100, 2),
(491, '2013-11-03 13:59:43', 2, 104, 2),
(492, '2013-11-03 14:02:00', 2, 5, 94),
(493, '2013-11-03 14:12:25', 2, 104, 2),
(494, '2013-11-03 14:27:35', 2, 100, 2),
(495, '2013-11-03 14:28:58', 2, 5, 94),
(496, '2013-11-03 14:29:56', 2, 4, 94),
(497, '2013-11-03 14:30:18', 2, 4, 94),
(498, '2013-11-03 14:31:03', 2, 5, 94),
(499, '2013-11-03 14:31:13', 2, 5, 94),
(500, '2013-11-03 14:31:25', 2, 5, 94),
(501, '2013-11-03 14:31:32', 2, 5, 94),
(502, '2013-11-03 14:31:44', 2, 5, 94),
(503, '2013-11-03 14:32:14', 2, 5, 94),
(504, '2013-11-03 14:32:21', 2, 5, 94),
(505, '2013-11-03 14:32:27', 2, 5, 94),
(506, '2013-11-03 14:32:36', 2, 5, 94),
(507, '2013-11-03 14:32:46', 2, 4, 94),
(508, '2013-11-03 14:32:54', 2, 3, 94),
(509, '2013-11-03 14:34:37', 1, 100, 2),
(510, '2013-11-03 14:45:31', 2, 100, 2),
(511, '2013-11-03 14:45:43', 1, 100, 2),
(512, '2013-11-03 14:45:51', 2, 100, 2),
(513, '2013-11-03 14:45:53', 2, 104, 2),
(514, '2013-11-03 14:47:16', 2, 5, 80),
(515, '2013-11-03 14:47:25', 2, 3, 80),
(516, '2013-11-03 14:47:44', 2, 5, 80),
(517, '2013-11-03 14:48:03', 2, 5, 3),
(518, '2013-11-03 14:48:09', 2, 4, 2),
(519, '2013-11-03 14:50:13', 1, 100, 2),
(520, '2013-11-03 15:05:38', 2, 3, 2),
(521, '2013-11-03 15:05:49', 2, 104, 2),
(522, '2013-11-03 15:08:11', 2, 104, 2),
(523, '2013-11-03 15:08:43', 2, 104, 2),
(524, '2013-11-03 15:08:54', 2, 104, 2),
(525, '2013-11-03 15:09:03', 2, 104, 2),
(526, '2013-11-03 15:11:15', 2, 100, 2),
(527, '2013-11-03 15:11:39', 2, 100, 2),
(528, '2013-11-03 15:12:52', 2, 100, 2),
(529, '2013-11-03 15:13:15', 2, 3, 50),
(530, '2013-11-03 15:13:59', 2, 100, 2),
(531, '2013-11-03 15:14:50', 2, 5, 3),
(532, '2013-11-03 15:18:12', 2, 100, 2),
(533, '2013-11-03 15:19:33', 2, 5, 3),
(534, '2013-11-03 15:19:54', 2, 5, 3),
(535, '2013-11-03 15:22:16', 2, 5, 3),
(536, '2013-11-03 15:22:24', 2, 5, 3),
(537, '2013-11-03 15:23:14', 2, 5, 3),
(538, '2013-11-03 15:24:11', 2, 3, 50),
(539, '2013-11-03 15:24:56', 2, 4, 2),
(540, '2013-11-03 15:27:26', 2, 5, 4),
(541, '2013-11-03 15:32:55', 2, 3, 2),
(542, '2013-11-03 15:33:50', 2, 5, 3),
(543, '2013-11-03 15:34:08', 2, 5, 3),
(544, '2013-11-03 15:34:17', 2, 5, 3),
(545, '2013-11-03 15:34:26', 2, 5, 3),
(546, '2013-11-03 15:34:42', 2, 5, 3),
(547, '2013-11-03 15:35:39', 2, 5, 3),
(548, '2013-11-03 15:36:29', 2, 5, 3),
(549, '2013-11-03 15:36:29', 2, 5, 3),
(550, '2013-11-03 15:39:04', 2, 4, 2),
(551, '2013-11-03 15:39:36', 2, 5, 4),
(552, '2013-11-03 15:40:08', 2, 3, 2),
(553, '2013-11-03 17:20:55', 2, 100, 2),
(554, '2013-11-03 17:23:04', 2, 3, 94),
(555, '2013-11-03 17:23:26', 2, 4, 94),
(556, '2013-11-03 17:23:51', 2, 5, 94),
(557, '2013-11-03 17:29:21', 2, 100, 2),
(558, '2013-11-03 17:31:44', 2, 100, 2),
(559, '2013-11-03 17:32:32', 2, 104, 2),
(560, '2013-11-03 17:33:07', 2, 104, 2),
(561, '2013-11-03 17:33:21', 2, 104, 2),
(562, '2013-11-03 17:33:34', 2, 104, 2),
(563, '2013-11-03 17:37:15', 2, 100, 2),
(564, '2013-11-03 17:38:00', 2, 100, 2),
(565, '2013-11-03 17:38:26', 2, 100, 2),
(566, '2013-11-03 17:39:04', 2, 5, 94),
(567, '2013-11-03 17:39:59', 2, 5, 94),
(568, '2013-11-03 17:40:09', 2, 100, 2),
(569, '2013-11-03 17:40:44', 2, 4, 94),
(570, '2013-11-03 17:40:58', 2, 100, 2),
(571, '2013-11-03 17:41:41', 2, 100, 2),
(572, '2013-11-03 17:42:07', 2, 5, 94),
(573, '2013-11-03 17:42:19', 2, 4, 94),
(574, '2013-11-03 17:43:17', 2, 5, 94),
(575, '2013-11-03 17:43:28', 2, 104, 2),
(576, '2013-11-03 17:43:32', 2, 104, 2),
(577, '2013-11-03 17:43:48', 2, 100, 2),
(578, '2013-11-03 17:43:50', 2, 104, 2),
(579, '2013-11-03 17:44:47', 2, 100, 2),
(580, '2013-11-03 17:45:22', 2, 100, 2),
(581, '2013-11-03 17:46:04', 2, 100, 2),
(582, '2013-11-03 17:46:31', 2, 5, 94),
(583, '2013-11-03 17:46:39', 2, 100, 2),
(584, '2013-11-03 17:51:13', 2, 100, 2),
(585, '2013-11-03 17:53:42', 2, 100, 2),
(586, '2013-11-03 17:53:47', 2, 100, 2),
(587, '2013-11-03 17:55:13', 2, 100, 2),
(588, '2013-11-03 17:57:19', 2, 100, 2),
(589, '2013-11-03 17:57:38', 2, 100, 2),
(590, '2013-11-03 17:58:00', 2, 100, 2),
(591, '2013-11-03 17:59:19', 2, 100, 2),
(592, '2013-11-03 17:59:56', 2, 100, 2),
(593, '2013-11-03 18:00:54', 2, 100, 2),
(594, '2013-11-03 18:01:24', 2, 100, 2),
(595, '2013-11-03 18:02:00', 2, 100, 2),
(596, '2013-11-03 18:04:52', 2, 100, 2),
(597, '2013-11-03 18:07:17', 2, 100, 2),
(598, '2013-11-03 18:07:52', 2, 100, 2),
(599, '2013-11-03 18:07:58', 2, 100, 2),
(600, '2013-11-03 18:10:03', 2, 100, 2),
(601, '2013-11-03 18:10:27', 2, 5, 94),
(602, '2013-11-03 18:10:50', 2, 3, 94),
(603, '2013-11-03 18:10:59', 2, 5, 94),
(604, '2013-11-03 18:11:10', 2, 100, 2),
(605, '2013-11-03 18:11:57', 2, 5, 94),
(606, '2013-11-03 18:13:43', 2, 5, 94),
(607, '2013-11-03 18:14:08', 2, 5, 94),
(608, '2013-11-03 18:14:15', 2, 100, 2),
(609, '2013-11-03 18:15:54', 2, 5, 94),
(610, '2013-11-03 18:15:59', 2, 100, 2),
(611, '2013-11-03 18:17:38', 2, 100, 2),
(612, '2013-11-03 18:18:25', 2, 5, 94),
(613, '2013-11-03 18:19:28', 2, 5, 94),
(614, '2013-11-03 18:22:18', 2, 100, 2),
(615, '2013-11-03 18:22:43', 2, 100, 2),
(616, '2013-11-03 18:23:03', 2, 100, 2),
(617, '2013-11-03 18:26:54', 2, 100, 2),
(618, '2013-11-03 18:27:03', 2, 100, 2),
(619, '2013-11-03 18:27:45', 2, 100, 2),
(620, '2013-11-03 18:27:57', 2, 100, 2),
(621, '2013-11-03 18:29:31', 2, 100, 2),
(622, '2013-11-03 18:33:05', 2, 100, 2),
(623, '2013-11-03 18:34:54', 2, 100, 2),
(624, '2013-11-03 18:50:16', 2, 100, 2),
(625, '2013-11-03 18:50:40', 2, 100, 90),
(626, '2013-11-03 18:50:48', 2, 100, 2),
(627, '2013-11-03 18:58:54', 2, 100, 2),
(628, '2013-11-03 18:59:03', 2, 100, 2),
(629, '2013-11-03 18:59:10', 2, 5, 94),
(630, '2013-11-03 19:03:59', 2, 5, 94),
(631, '2013-11-03 19:05:03', 2, 100, 2),
(632, '2013-11-03 19:06:14', 2, 100, 2),
(633, '2013-11-03 19:06:45', 2, 100, 2),
(634, '2013-11-03 19:07:16', 2, 100, 2),
(635, '2013-11-03 19:19:17', 2, 104, 2),
(636, '2013-11-03 19:19:17', 2, 104, 2),
(637, '2013-11-03 19:19:31', 2, 104, 2),
(638, '2013-11-03 19:22:17', 2, 5, 94),
(639, '2013-11-03 19:25:34', 2, 5, 94),
(640, '2013-11-03 19:25:39', 2, 5, 94),
(641, '2013-11-03 19:25:45', 2, 5, 94),
(642, '2013-11-03 19:25:51', 2, 5, 94),
(643, '2013-11-03 19:25:57', 2, 5, 94),
(644, '2013-11-03 19:32:48', 2, 100, 2),
(645, '2013-11-03 19:33:05', 2, 5, 94),
(646, '2013-11-03 19:33:11', 2, 100, 2),
(647, '2013-11-03 20:55:02', 2, 100, 2),
(648, '2013-11-03 21:49:07', 2, 100, 2),
(649, '2013-11-03 22:00:07', 2, 5, 94),
(650, '2013-11-04 00:17:23', 2, 100, 2),
(651, '2013-11-04 00:17:50', 2, 3, 94),
(652, '2013-11-04 00:17:58', 2, 104, 2),
(653, '2013-11-04 00:18:08', 2, 104, 2),
(654, '2013-11-04 00:23:15', 2, 100, 2),
(655, '2013-11-04 00:23:27', 2, 100, 2),
(656, '2013-11-04 00:23:42', 2, 5, 94),
(657, '2013-11-04 00:23:52', 2, 104, 2),
(658, '2013-11-04 02:28:34', 2, 100, 90),
(659, '2013-11-04 02:28:39', 2, 100, 2),
(660, '2013-11-04 02:29:33', 2, 3, 94),
(661, '2013-11-04 02:30:56', 2, 5, 94),
(662, '2013-11-04 02:32:19', 2, 104, 2),
(663, '2013-11-04 02:32:23', 2, 100, 2),
(664, '2013-11-04 02:32:29', 2, 104, 2),
(665, '2013-11-04 02:33:14', 2, 5, 94),
(666, '2013-11-04 02:34:35', 2, 104, 2),
(667, '2013-11-04 02:34:41', 2, 104, 2),
(668, '2013-11-04 02:35:19', 2, 100, 2),
(669, '2013-11-04 02:35:58', 2, 104, 2),
(670, '2013-11-04 15:38:59', 2, 100, 2),
(671, '2013-11-04 15:44:07', 2, 100, 2),
(672, '2013-11-04 15:44:27', 2, 100, 2),
(673, '2013-11-04 15:44:33', 2, 104, 2),
(674, '2013-11-04 15:44:39', 2, 104, 2),
(675, '2013-11-04 15:44:46', 2, 100, 2),
(676, '2013-11-04 15:44:52', 2, 104, 2),
(677, '2013-11-04 15:45:11', 2, 3, 94),
(678, '2013-11-04 15:51:42', 2, 100, 2),
(679, '2013-11-04 18:43:33', 2, 100, 2),
(680, '2013-11-04 18:44:01', 2, 104, 2),
(681, '2013-11-04 18:44:12', 2, 5, 94),
(682, '2013-11-04 18:44:19', 2, 5, 94),
(683, '2013-11-04 18:47:00', 2, 100, 2),
(684, '2013-11-04 18:47:15', 2, 104, 2),
(685, '2013-11-04 18:48:52', 2, 104, 2),
(686, '2013-11-04 18:52:59', 2, 100, 2),
(687, '2013-11-04 19:18:00', 2, 100, 2),
(688, '2013-11-04 20:27:58', -1, 100, -1),
(689, '2013-11-04 20:36:32', -1, 100, -1),
(690, '2013-11-04 20:36:58', 2, 100, 2),
(691, '2013-11-04 20:37:12', 2, 3, 94),
(692, '2013-11-04 20:38:07', 2, 4, 94),
(693, '2013-11-04 20:39:48', 2, 101, 90),
(694, '2013-11-04 20:39:55', 2, 101, 90),
(695, '2013-11-04 20:40:15', 2, 101, 90),
(696, '2013-11-04 20:40:31', 2, 104, 2),
(697, '2013-11-04 20:41:21', 2, 103, 2),
(698, '2013-11-04 20:48:37', 2, 100, 90),
(699, '2013-11-04 20:48:50', 2, 100, 2),
(700, '2013-11-04 20:48:59', 2, 100, 90),
(701, '2013-11-04 20:50:01', 2, 100, 90),
(702, '2013-11-04 20:50:17', 2, 100, 90),
(703, '2013-11-04 20:50:28', 2, 100, 90),
(704, '2013-11-04 20:50:57', 2, 100, 90),
(705, '2013-11-04 20:51:19', 2, 100, 2),
(706, '2013-11-04 20:52:10', -1, 100, 91),
(707, '2013-11-04 20:52:14', -1, 100, 91),
(708, '2013-11-04 20:52:55', 1, 100, 90),
(709, '2013-11-04 20:52:59', 1, 100, 90),
(710, '2013-11-04 20:53:21', 1, 100, 2),
(711, '2013-11-04 20:54:25', -1, 100, 91),
(712, '2013-11-04 20:54:29', -1, 100, 91),
(713, '2013-11-04 20:54:31', -1, 100, 91),
(714, '2013-11-04 20:54:34', -1, 100, 91),
(715, '2013-11-04 20:54:39', -1, 100, 91),
(716, '2013-11-04 20:54:46', -1, 100, 91),
(717, '2013-11-04 20:55:01', 2, 100, 90),
(718, '2013-11-04 20:55:02', 2, 100, 2),
(719, '2013-11-04 20:55:21', 2, 103, 93),
(720, '2013-11-04 20:57:02', 2, 103, 2),
(721, '2013-11-04 20:58:48', -1, 100, 91),
(722, '2013-11-04 20:59:07', 2, 100, 2),
(723, '2013-11-04 21:01:20', 2, 101, 90),
(724, '2013-11-04 21:02:13', 2, 100, 2),
(725, '2013-11-04 21:02:24', 2, 101, 90),
(726, '2013-11-04 21:02:52', 2, 101, 2),
(727, '2013-11-04 21:03:08', 5, 100, 2),
(728, '2013-11-04 21:03:34', 5, 103, 2),
(729, '2013-11-04 21:03:57', 2, 3, 94),
(730, '2013-11-04 21:04:10', 5, 100, 90),
(731, '2013-11-04 21:04:16', 5, 100, 2),
(732, '2013-11-04 21:04:35', 5, 102, 2),
(733, '2013-11-04 21:05:54', 2, 104, 2),
(734, '2013-11-04 21:07:39', 2, 100, 2),
(735, '2013-11-04 21:08:34', 2, 101, 2),
(736, '2013-11-04 21:08:43', 6, 100, 2),
(737, '2013-11-04 21:08:59', 6, 102, 2),
(738, '2013-11-04 21:09:17', 6, 3, 94),
(739, '2013-11-04 21:09:24', 6, 104, 2),
(740, '2013-11-04 21:09:51', 2, 100, 90),
(741, '2013-11-04 21:09:54', 2, 100, 2),
(742, '2013-11-04 21:10:11', 2, 103, 2),
(743, '2013-11-04 21:11:36', 2, 104, 2),
(744, '2013-11-04 21:12:29', 2, 100, 2),
(745, '2013-11-04 21:12:49', 2, 103, 2),
(746, '2013-11-04 21:13:11', 2, 100, 2),
(747, '2013-11-04 21:13:43', 2, 103, 2),
(748, '2013-11-04 21:15:58', 2, 100, 2),
(749, '2013-11-04 21:16:12', 2, 103, 2),
(750, '2013-11-04 21:17:21', 2, 103, 2),
(751, '2013-11-04 21:17:34', 2, 100, 2),
(752, '2013-11-04 21:18:00', 2, 103, 2),
(753, '2013-11-04 21:19:46', 2, 100, 90),
(754, '2013-11-04 21:19:50', 2, 100, 90),
(755, '2013-11-04 21:19:54', 2, 100, 90),
(756, '2013-11-04 21:19:57', 2, 100, 2),
(757, '2013-11-04 21:20:11', 2, 103, 2),
(758, '2013-11-04 21:20:35', 2, 100, 2),
(759, '2013-11-04 21:20:48', 2, 103, 2),
(760, '2013-11-04 21:21:33', 2, 100, 2),
(761, '2013-11-04 21:21:45', 2, 103, 2),
(762, '2013-11-04 21:22:19', 2, 103, 2),
(763, '2013-11-04 21:22:38', 2, 100, 2),
(764, '2013-11-04 21:22:50', 2, 103, 2),
(765, '2013-11-04 21:24:02', 2, 103, 2),
(766, '2013-11-04 21:25:16', 2, 100, 2),
(767, '2013-11-04 21:25:28', 2, 103, 2),
(768, '2013-11-04 21:25:42', 2, 101, 2),
(769, '2013-11-04 21:25:52', 7, 100, 2),
(770, '2013-11-04 21:26:04', 7, 102, 2),
(771, '2013-11-04 21:26:28', -1, 100, 91),
(772, '2013-11-04 21:28:14', 2, 100, 2),
(773, '2013-11-04 21:28:26', 2, 101, 90),
(774, '2013-11-04 21:28:35', 2, 101, 2),
(775, '2013-11-04 21:28:51', 8, 100, 2),
(776, '2013-11-04 21:29:07', 8, 102, 2),
(777, '2013-11-04 21:33:01', -1, 100, 91),
(778, '2013-11-04 21:33:04', 2, 100, 90),
(779, '2013-11-04 21:33:07', 2, 100, 2),
(780, '2013-11-04 21:33:31', 2, 101, 2),
(781, '2013-11-04 21:33:40', 9, 100, 2),
(782, '2013-11-04 21:33:59', 9, 102, 2);

-- --------------------------------------------------------

--
-- Table structure for table `members`
--

CREATE TABLE IF NOT EXISTS `members` (
  `user_id` int(4) NOT NULL AUTO_INCREMENT,
  `username` varchar(65) NOT NULL DEFAULT '',
  `password` varchar(65) NOT NULL DEFAULT '',
  PRIMARY KEY (`username`),
  KEY `user_id` (`user_id`)
) ENGINE=InnoDB  DEFAULT CHARSET=latin1 AUTO_INCREMENT=10 ;

--
-- Dumping data for table `members`
--

INSERT INTO `members` (`user_id`, `username`, `password`) VALUES
(1, 'devan', 'a2855ab29366f1fdd6f5cd234c5e9701'),
(-1, 'InvalidUser', 'InvalidUser'),
(2, 'nick', '8ab6f362ed7630043e5f0fb310fa12ed');

-- --------------------------------------------------------

--
-- Table structure for table `statusCodes`
--

CREATE TABLE IF NOT EXISTS `statusCodes` (
  `code_id` int(11) NOT NULL,
  `code_name` text NOT NULL,
  `code_desc` text NOT NULL,
  PRIMARY KEY (`code_id`)
) ENGINE=InnoDB DEFAULT CHARSET=latin1;

--
-- Dumping data for table `statusCodes`
--

INSERT INTO `statusCodes` (`code_id`, `code_name`, `code_desc`) VALUES
(-1, 'Error', 'General error case.'),
(0, 'False', 'Boolean false case.'),
(1, 'True', 'Boolean true case.'),
(2, 'Success', 'Operation completed successfully.'),
(3, 'Locked', 'The door is locked.'),
(4, 'Unlocked', 'The door is unlocked.'),
(10, 'Test Code', 'Used for general testing and debugging of log'),
(50, 'ErrorLockedAlready', 'The door is already locked and cannot be given the lock command.'),
(51, 'ErrorUnlockedAlready', 'The door is already unlocked and cannot be given the unlock command.'),
(60, 'ErrorUnlockInProgress', 'The door is currently being unlocked or locked and cannot be sent a command.'),
(70, 'ErrorOperationIncomplete', 'The previous lock or unlock operation did not complete.'),
(80, 'ErrorSensor', 'Pushbutton error.'),
(90, 'ErrorPassword', 'User tried an incorrect password.'),
(91, 'ErrorInvalidUser', 'The user does not exist.'),
(92, 'ErrorPasswordMatch', 'New passwords do not match.'),
(93, 'ErrorUserPass', 'User has entered the wrong username or password.'),
(94, 'ErrorTimeout', 'The task took too long to complete'),
(100, 'LoginAttempt', 'User has attempted to log in.'),
(101, 'AddUserAttempt', 'User has attempted to add another user.'),
(102, 'RemoveUserAttempt', 'User has attempted to remove a user.'),
(103, 'ChangePassAttempt', 'User has attempted to change their password.'),
(104, 'ViewLog', 'User has viewed the log.'),
(110, 'UnlockAttempt', 'User has attempted to unlock the door.'),
(111, 'LockAttempt', 'User has attempted to lock the door.');

/*!40101 SET CHARACTER_SET_CLIENT=@OLD_CHARACTER_SET_CLIENT */;
/*!40101 SET CHARACTER_SET_RESULTS=@OLD_CHARACTER_SET_RESULTS */;
/*!40101 SET COLLATION_CONNECTION=@OLD_COLLATION_CONNECTION */;
